Major_code,Major,Major_category,Total,Employed,Employed_full_time_year_round,Unemployed,Unemployment_rate,Grad_total,Grad_employed,Grad_full_time_year_round,Grad_unemployed,Nongrad_total,Nongrad_employed,Nongrad_full_time_year_round,Nongrad_unemployed
3201,COURT REPORTING,Law & Public Policy,9330,7270,6143,518,0.066512583,1542,1008,860,0,8921,6967,6063,518
3202,PRE-LAW AND LEGAL STUDIES,Law & Public Policy,67037,49259,37254,3699,0.069847804,33137,24818,20149,1005,61368,45218,35337,3523
5301,CRIMINAL JUSTICE AND FIRE PROTECTION,Law & Public Policy,757141,613369,517599,35037,0.054035589,188228,154146,133549,6591,695361,565748,490943,29133
5401,PUBLIC ADMINISTRATION,Law & Public Policy,54636,37879,31262,2836,0.069654918,42661,31985,27682,2000,53242,37006,30763,2609
5402,PUBLIC POLICY,Law & Public Policy,14782,11147,8196,959,0.079216917,15284,12875,10988,415,12158,9478,7456,441
